filename,status,error_message,face_area,face_score,nose_score,mouth_score,l_eye_score,r_eye_score,hair_score,mean_cosine_female,mean_cosine_male,shpm_female,shpm_male,delta_shpm,absolute_difference,higher_similarity_group,female_ci_lower,female_ci_upper,male_ci_lower,male_ci_upper,delta_ci_lower,delta_ci_upper,comparison_status
Flux_SHPM.png,valid,,118848,0.94921875,0.6953125,0.87890625,0.7578125,0.7734375,0.97265625,0.8700681453703504,0.8008396413311091,0.4751907536334029,0.31182445201285824,0.16336630162054466,0.16336630162054466,Female,0.4602915574990364,0.49053482104095775,0.2952006346490331,0.32778590178762973,0.14034356416861796,0.18648522241513074,Female higher
Gemini.png,valid,,48667,0.93359375,0.5625,0.76953125,0.73828125,0.73046875,0.96875,0.8350607157947691,0.8126677760787044,0.3895051329864076,0.3377533354708629,0.051751797515544706,0.051751797515544706,Female,0.37179785359871803,0.4053921568387987,0.31903284605650606,0.35682224471139495,0.026436722213341105,0.07715575456791601,Female higher
gpt.png,valid,,56049,0.921875,0.59765625,0.703125,0.671875,0.6796875,0.95703125,0.7223031106753527,0.8063320264170674,0.17122518910920542,0.32373062038164846,-0.15250543127244304,0.15250543127244304,Male,0.16010444398280957,0.18313994745769704,0.30038069494899894,0.34694001027158367,-0.1763069423635189,-0.12691310994425437,Male higher
SDXL.png,valid,,53377,0.91796875,0.69921875,0.734375,0.75390625,0.7265625,0.96875,0.75204033195328,0.8123794106273668,0.21761888530517268,0.33710863318599626,-0.11948974788082359,0.11948974788082359,Male,0.20326101363647933,0.23106154440527263,0.31538078748196224,0.360079969908815,-0.14701105051279773,-0.09364365734993634,Male higher
