filename,mean_cosine_female,mean_cosine_male,shpm_female,shpm_male,delta_shpm,absolute_difference,higher_similarity_group,comparison_status
Flux_SHPM.png,0.8700681453703504,0.8008396413311091,0.4751907536334029,0.31182445201285824,0.16336630162054466,0.16336630162054466,Female,Female higher
gpt.png,0.7223031106753527,0.8063320264170674,0.17122518910920542,0.32373062038164846,-0.15250543127244304,0.15250543127244304,Male,Male higher
SDXL.png,0.75204033195328,0.8123794106273668,0.21761888530517268,0.33710863318599626,-0.11948974788082359,0.11948974788082359,Male,Male higher
Gemini.png,0.8350607157947691,0.8126677760787044,0.3895051329864076,0.3377533354708629,0.051751797515544706,0.051751797515544706,Female,Female higher
